{"_wandb":{"runtime":394},"Synthetic_LR":0.016751328483223915,"Grand_Loss":0.29820340871810913,"Start_Epoch":2,"_runtime":394.059821599,"_step":197,"Progress":197,"_timestamp":1.730584839625783e+09}