{"Synthetic_LR":0.017301902174949646,"Reconstructed_Pixels":{"values":[3,1,3,8,26,25,33,42,120,175,266,401,623,851,1142,1711,2241,3092,5332,18888,21189,3791,2081,1568,1272,1151,990,854,824,796,870,761,792,741,699,694,675,606,564,484,432,366,267,216,194,135,121,91,58,42,27,21,12,14,8,2,3,2,1,1,0,0,1,1],"bins":[-4.534632205963135,-4.330645561218262,-4.126659393310547,-3.922672748565674,-3.718686103820801,-3.514699697494507,-3.310713291168213,-3.10672664642334,-2.902740240097046,-2.698753595352173,-2.494767189025879,-2.290780782699585,-2.086794137954712,-1.8828076124191284,-1.6788212060928345,-1.474834680557251,-1.2708481550216675,-1.066861629486084,-0.8628751635551453,-0.6588886380195618,-0.45490214228630066,-0.25091564655303955,-0.04692913591861725,0.15705737471580505,0.36104387044906616,0.5650303959846497,0.7690168619155884,0.9730033874511719,1.1769899129867554,1.3809764385223389,1.5849628448486328,1.7889493703842163,1.9929358959197998,2.1969223022460938,2.400908946990967,2.6048953533172607,2.808881998062134,3.0128684043884277,3.2168548107147217,3.4208414554595947,3.6248278617858887,3.8288145065307617,4.032801151275635,4.23678731918335,4.440773963928223,4.644760608673096,4.8487467765808105,5.052733421325684,5.256720066070557,5.4607062339782715,5.6646928787231445,5.868679523468018,6.072666168212891,6.2766523361206055,6.4806389808654785,6.684625625610352,6.888611793518066,7.0925984382629395,7.2965850830078125,7.500571250915527,7.7045578956604,7.908544540405273,8.112530708312988,8.31651782989502,8.520503997802734],"_type":"histogram"},"Pixels":{"values":[2,2,1,7,9,15,40,104,147,305,534,811,1125,1669,2578,4197,8404,19807,19372,7149,3491,2255,1660,1190,976,665,500,410,240,167,116,98,78,62,36,32,28,21,22,15,7,8,8,8,10,3,3,2,2,2,2,1,1,0,0,0,1,0,1,0,0,0,0,1],"bins":[-4.520190238952637,-4.273308277130127,-4.026426315307617,-3.7795443534851074,-3.5326623916625977,-3.285780668258667,-3.0388987064361572,-2.7920167446136475,-2.5451347827911377,-2.298252820968628,-2.051370859146118,-1.804489016532898,-1.5576070547103882,-1.3107250928878784,-1.0638432502746582,-0.8169612884521484,-0.5700793266296387,-0.3231973946094513,-0.07631546258926392,0.17056646943092346,0.41744840145111084,0.6643303632736206,0.9112122654914856,1.1580941677093506,1.4049761295318604,1.6518580913543701,1.8987400531768799,2.1456220149993896,2.3925037384033203,2.63938570022583,2.88626766204834,3.1331496238708496,3.3800315856933594,3.626913547515869,3.873795509338379,4.120677471160889,4.367559432983398,4.614441394805908,4.861323356628418,5.108205318450928,5.3550872802734375,5.601968765258789,5.848850727081299,6.095732688903809,6.342614650726318,6.589496612548828,6.836378574371338,7.083260536193848,7.330142498016357,7.577024459838867,7.823906421661377,8.070788383483887,8.317669868469238,8.564552307128906,8.811433792114258,9.058316230773926,9.305197715759277,9.552080154418945,9.798961639404297,10.045844078063965,10.292725563049316,10.539608001708984,10.786489486694336,11.033371925354004,11.280253410339355],"_type":"histogram"},"Accuracy/ConvNet":0.9813000000000001,"Clipped_Reconstructed_Images/std_2.5":{"sha256":"1b65c6865663e7be23d545fe2f7eab0db97e344f1e71d176379277af50b1358f","size":151302,"path":"media/images/Clipped_Reconstructed_Images/std_2.5_2000_1b65c6865663e7be23d5.png","format":"png","width":1142,"height":1142,"_type":"image-file"},"Max_Accuracy/ConvNet":0.9831,"Clipped_Synthetic_Images/std_2.5":{"height":1142,"_type":"image-file","sha256":"7d6ced7e52bd115d1145584d03ab72e89d8931dd1e95e8778367b5ff881cf1bf","size":180110,"path":"media/images/Clipped_Synthetic_Images/std_2.5_2000_7d6ced7e52bd115d1145.png","format":"png","width":1142},"_step":2000,"_wandb":{"runtime":3960},"Progress":2000,"Max_Std/ConvNet":0,"Synthetic_Images":{"path":"media/images/Synthetic_Images_2000_7ed85bfba4ca3a63c006.png","format":"png","width":1142,"height":1142,"_type":"image-file","sha256":"7ed85bfba4ca3a63c006781612f78cbeb0f0df0c8bfbadfa2c254b764503b79f","size":162993},"Synthetic_Pixels":{"_type":"histogram","values":[2,2,1,7,9,15,40,104,147,305,534,811,1125,1669,2578,4197,8404,19807,19372,7149,3491,2255,1660,1190,976,665,500,410,240,167,116,98,78,62,36,32,28,21,22,15,7,8,8,8,10,3,3,2,2,2,2,1,1,0,0,0,1,0,1,0,0,0,0,1],"bins":[-4.520190238952637,-4.273308277130127,-4.026426315307617,-3.7795443534851074,-3.5326623916625977,-3.285780668258667,-3.0388987064361572,-2.7920167446136475,-2.5451347827911377,-2.298252820968628,-2.051370859146118,-1.804489016532898,-1.5576070547103882,-1.3107250928878784,-1.0638432502746582,-0.8169612884521484,-0.5700793266296387,-0.3231973946094513,-0.07631546258926392,0.17056646943092346,0.41744840145111084,0.6643303632736206,0.9112122654914856,1.1580941677093506,1.4049761295318604,1.6518580913543701,1.8987400531768799,2.1456220149993896,2.3925037384033203,2.63938570022583,2.88626766204834,3.1331496238708496,3.3800315856933594,3.626913547515869,3.873795509338379,4.120677471160889,4.367559432983398,4.614441394805908,4.861323356628418,5.108205318450928,5.3550872802734375,5.601968765258789,5.848850727081299,6.095732688903809,6.342614650726318,6.589496612548828,6.836378574371338,7.083260536193848,7.330142498016357,7.577024459838867,7.823906421661377,8.070788383483887,8.317669868469238,8.564552307128906,8.811433792114258,9.058316230773926,9.305197715759277,9.552080154418945,9.798961639404297,10.045844078063965,10.292725563049316,10.539608001708984,10.786489486694336,11.033371925354004,11.280253410339355]},"_runtime":3960.345698523,"Std/ConvNet":0,"_timestamp":1.7306555195843513e+09,"Grand_Loss":0.35459887981414795,"Start_Epoch":5,"Reconstructed_Images":{"format":"png","width":1142,"height":1142,"_type":"image-file","sha256":"ae23047d718f4232ffdec56beaa66d93551b8e0d3765d43a2080c4d11bf46834","size":142540,"path":"media/images/Reconstructed_Images_2000_ae23047d718f4232ffde.png"}}