{"_wandb":{"runtime":3},"Progress":0,"_timestamp":1.7305841612527907e+09,"Synthetic_LR":0.009999999776482582,"_runtime":3.770577049,"_step":0}