{"Grand_Loss":0.8564867973327637,"_wandb":{"runtime":5},"Start_Epoch":5,"_runtime":5.249277755,"_step":1,"Progress":1,"_timestamp":1.7305843076399179e+09,"Synthetic_LR":0.009929489344358444}