{"Synthetic_LR":0.009999999776482582,"_runtime":4.5110763160000005,"_step":0,"Progress":0,"_timestamp":1.7307353803213336e+09,"_wandb":{"runtime":4}}